Method,Type,Latency,Platforms,GitHub,Reference Paper
RNNoise (Xiph.Org),Hybrid DSP/RNN,~10ms,C,https://github.com/xiph/rnnoise,Jean-Marc Valin 'RNNoise: A Low-Complexity Convolutional Recurrent Network for Speech Enhancement' 2018
DeepFilterNet,Deep Learning Framework,~40ms,Rust Python ONNX Runtime,https://github.com/Rikorose/DeepFilterNet,Hendrik Schröder et al. 'DeepFilterNet: Low Complexity Deep Filtering for Real-Time Speech Enhancement' 2022
DPDFNet,Deep Learning Library,~30ms,ONNX TFLite,https://github.com/ceva-ip/DPDFNet,CEVA IP 'DPDFNet: Real-time Speech Enhancement with Stateful Streaming'
Sherpa-ONNX,Speech Processing Toolkit,~30ms,12 languages embedded/mobile desktop,https://github.com/k2-fsa/sherpa-onnx,k2-fsa project documentation
PercepNet,Perceptual Speech Enhancement,~30ms,C/C++,Unofficial implementation available,Perceptually-motivated low-complexity real-time speech enhancement research
NVIDIA NeMo Speech,Deep Learning Framework,GPU-optimized,GPU-accelerated,https://github.com/NVIDIA-NeMo/Speech,NVIDIA NeMo documentation
Microsoft SpeechT5,Transformer-based Framework,Higher,PyTorch,https://github.com/microsoft/SpeechT5,Microsoft Research 'SpeechT5: Unified-Modal Encoder-Decoder Pre-Training for Spoken Language Processing'
Speex DSP,Historical DSP Library,Low,C cross-platform,https://gitlab.xiph.org/xiph/speexdsp,Speex documentation
SpeechBrain (SepFormer MetricGAN SEGAN),Deep Learning Toolkit,Higher (offline),PyTorch,https://github.com/speechbrain/speechbrain,SpeechBrain team 'SpeechBrain: A General-Purpose Speech Toolkit'
VoiceFixer,Speech Restoration Library,Higher (offline),Python,https://github.com/haoheliu/voicefixer,Haohe Liu et al. 'VoiceFixer: Toward General Speech Restoration with Unified Representations'
ARM CMSIS-DSP,Optimization Library,Real-time on MCU,ARM Cortex-M,https://github.com/ARM-software/CMSIS-DSP,ARM CMSIS-DSP documentation
Spectral Subtraction / Wiener Filtering,Traditional DSP,Very low,Any,Various implementations,Classic DSP literature (Boll 1979 Wiener 1949)